{"epoch": 0, "loss": 0.3023638017475605, "_timestamp": 1727614999.5913858, "_runtime": 8.135104894638062, "_step": 1, "variation_rate": 0.5, "_wandb": {"runtime": 7}}