{"epoch": 0, "loss": 0.36336536332964897, "_timestamp": 1727615188.3227422, "_runtime": 7.1007981300354, "_step": 1, "variation_rate": 0.49981689453125, "_wandb": {"runtime": 6}}