{"epoch": 0, "loss": 0.2925456389784813, "_timestamp": 1727615372.7285924, "_runtime": 7.012147426605225, "_step": 1, "variation_rate": 0.4999847412109375, "_wandb": {"runtime": 6}}